PCA_1,PCA_2,PCA_3,Class
94407.8545066286,-93.6205648978447,2.29630880548013,1
94341.884034801,435.393668044415,1.6997930753167,1
90351.8679205711,146.538218066437,1.87995059897702,1
87827.8578293572,-34.24873153683,4.18670225190583,1
87294.8545015786,-92.2289549545589,-0.746728246701125,1
87287.854524204,-92.2282500326887,0.518064630776593,1
87278.8545176638,-92.2278851046626,0.546533691333136,1
87270.8545186204,-92.2270521790598,0.162170931524577,1
87262.8545223391,-92.2269283124117,0.191625348385504,1
87203.8545364515,-92.220537050531,-0.567625239602561,1
87141.8545403766,-92.2171950389277,-0.558518815738401,1
87073.8545348806,-92.213150737886,-0.914227950327518,1
86922.85456021,-92.2057554075322,1.87200587924955,1
86723.8545679687,-92.1946042837635,2.04390510381867,1
86644.854498783,-92.1925587823931,-0.253636974360662,1
86405.8545345319,-92.1795398698698,2.48063565942916,1
86398.8545270364,-92.1785151833988,0.811148998943053,1
86362.8545429722,-92.1736146164247,-0.125955440203549,1
86285.8545458893,-92.1690462468731,-0.302872411781978,1
86199.8545701254,-92.1652621528852,2.47442819564784,1
86056.8545695586,-92.1571668639925,2.13657052184559,1
86005.8546004757,-92.0456851900465,4.45953764258074,1
85935.8545292062,-92.1536114500995,3.47981059962819,1
85927.8545292697,-92.1531402272387,3.34175106566627,1
85749.9555330346,1716.5613240893,0.757380193229682,1
83733.8545442226,-92.0293633773998,2.8721718109544,1
83721.8545212198,-92.0296256287629,0.182755116482792,1
83682.8545629691,-92.0233548279325,1.75792602629633,1
83184.854546561,-91.999490885767,4.82795544156754,1
83178.8544975349,-91.9994420508255,-0.26277862517779,1
82720.8545390199,-92.9636858174295,4.7322185504625,1
82718.85622262,-62.5733749174731,4.80099806475205,1
82420.8645689623,86.7108886375861,3.90776653742358,1
82216.8545205889,-91.9451523220563,3.56112633709077,1
81687.8545639556,-91.9124695827701,3.39852106966219,1
81490.8545470461,-91.9054784182153,6.59488251428999,1
80740.8545206997,-91.8633060473138,5.32744435559528,1
80661.8545200325,-91.8590998484517,5.95703665580218,1
78996.8551853949,-81.3685073232401,4.73743885626487,1
77626.8547484263,-88.8952660249874,-1.25234664483092,1
77593.8547359745,-88.8936821061894,-1.29620907988966,1
77583.8547766686,-88.75290754267,0.293359131210334,1
77293.8545250127,-91.6713256539173,6.5985396530281,1
76975.8972971374,673.718135626235,4.80853103787916,1
76725.9225892471,1126.23583062702,11.9473106476963,1
76414.854560085,-91.6016436256195,15.3316773575199,1
76138.8650615278,96.2080327805855,12.1502401844211,1
76123.8545589534,-91.5761047644607,16.1380871644372,1
75051.8545258142,-91.5147396519972,14.9623874047438,1
74802.854525429,-91.5010969317848,15.5830645756962,1
74481.8545251685,-91.48343024381,16.2050088879036,1
74362.854524562,-91.4770330844094,16.8270777693001,1
73882.8545245762,-91.4504835688365,17.4511864433348,1
73767.8545239642,-91.4443022551284,18.0746075710176,1
73394.8545237959,-91.4237182822473,18.6995131172543,1
73151.8545234048,-91.4103873486221,19.3244301170428,1
69718.8547078472,-89.1250037476857,-1.17722656903138,1
69615.8601007059,7.76974009509784,16.9730426189583,1
69582.86008196,7.77311173520136,17.723830663089,1
69559.8600812557,7.77548949047454,18.4307696960126,1
69387.8547285582,-88.4658146887092,-1.09124547528162,1
68290.8600818721,7.84787486181003,19.7222032521616,1
68257.8600811958,7.85011732665856,20.4738088822431,1
68228.8600805017,7.85282982730441,21.180745488326,1
67980.8600801836,7.86776502024627,21.8884215259563,1
67950.8600794911,7.8705327877459,22.5952609993763,1
67914.8600788089,7.8736351992104,23.3020793391779,1
67882.8600781198,7.87651415011212,24.0088444788212,1
67852.8600774272,7.87928128551456,24.7155672950486,1
67650.8600770299,7.89164803156654,25.422880678456,1
67626.8600763269,7.89407996047031,26.1295208162088,1
67594.8600756376,7.89695824683743,26.8361633120951,1
67561.8600749501,7.89989221389484,27.5427850558265,1
67029.8558503797,-68.7324782229087,-0.418647756971602,1
66670.8600749187,7.95118710141798,28.8340899562977,1
66571.8953473574,638.805450479434,1.51043926117959,1
66188.860075013,7.97848751132351,29.5869597012847,1
66155.8600743255,7.98142151040993,30.2935873688105,1
66121.8600736396,7.98441121117999,31.0001981590144,1
66087.8600729537,7.98740080882445,31.7067899052992,1
66058.8600722592,7.99011124697567,32.4133458562035,1
65287.8545221688,-91.3198274706803,-0.595451789061786,1
65282.8545322049,-91.3183381546049,1.55391020038946,1
65060.8545273087,-91.3068170582587,0.304660817305965,1
65028.8562168487,-61.6786372963033,-1.11630435831446,1
63961.8604205031,12.8937132178002,2.5124791322385,1
62127.854553215,-91.8202955671081,-0.252734379209038,1
62068.8945912326,625.346091338972,0.951539202021911,1
60557.8555977717,-72.7128036937958,-0.440055893959943,1
60292.8546423774,-90.1966379752886,-1.23973933488689,1
60179.8555948293,-72.7513988191749,-0.232518712669216,1
60129.8615411068,33.5936778802081,2.50647914536292,1
60126.8556061814,-72.6890678656856,1.13141958930741,1
59228.8545968648,-90.8983855522663,2.15593802965317,1
59042.8579311844,-31.0456895101236,3.41826300631192,1
58947.8549927915,-84.0325411054873,2.2717204081113,1
58914.8546259869,-90.6412912338383,3.20156458686339,1
58907.8550969842,-82.5104882133047,3.78837422723931,1
58887.8548320724,-87.0795093509103,4.27112829983703,1
58871.8553720888,-77.1774916809275,4.57291330727791,1
58860.8607867847,20.0619268728441,5.36584738363266,1
58643.8607960913,20.0748560555595,6.19559549039678,1
57646.8552497392,-79.2385126402573,7.12097690495684,1
55084.8979222865,685.417881752779,-0.529990762665959,1
54727.8545934972,-90.407640323288,-0.951949321153446,1
54537.85455208,-90.3998804455724,-0.599234438761116,1
54151.8545793156,-90.372141384785,4.73491980830134,1
54071.8545400677,-90.3630357760253,2.64327436143574,1
53921.8545927373,-90.6021355359798,2.62756567666929,1
53895.8546171503,-90.6008120833847,3.46530504025903,1
53894.8608419723,20.9711218475592,2.8932581752853,1
53697.8548026204,-87.5594743589328,3.95539097195492,1
53675.8735761828,248.765865625595,4.54308751133938,1
53666.8595055168,-3.11400927001265,5.56095333257049,1
53649.8548727841,-86.0416449009519,6.3447905035401,1
53643.8592362599,-7.95940106502219,6.766962780095,1
53632.855233026,-79.9586681654117,7.65309664408858,1
53619.8546945056,-89.8180079241022,8.24219007160314,1
53610.8595205724,-3.1075128741515,8.83916277445395,1
53609.8562619184,-61.0777279970661,9.04081432482084,1
53586.8801939064,367.738520292091,9.02910161891897,1
53580.8545881764,-91.3326485138449,11.1925173594133,1
53576.8611758688,26.9719743478593,10.6485962624059,1
53570.8571035011,-45.8378018262701,11.4774806075012,1
53540.864238498,81.7466272001235,11.9564833702727,1
53528.8566828675,-54.0030405230593,13.2519556313111,1
53508.8579258971,-31.640083494004,13.3627097114016,1
53505.8546342722,-90.5599205976883,14.1982302394314,1
53500.8551385111,-81.3274857159717,14.3348623472404,1
53460.8564633429,-57.198011034282,15.8448543471093,1
53416.8698037417,181.697085743316,15.4162823795072,1
53400.8605248131,15.2394033590037,15.5947586653397,1
53308.8748869469,272.884102620045,16.9602659265879,1
53231.8567874965,-51.8717733520748,0.952521574963381,1
53206.8575925544,-37.3427797357909,18.8434940586336,1
53167.8641935103,81.0042517803196,3.20556910783181,1
53070.899366311,711.216667779138,1.02158840900265,1
53022.8601063957,8.68493430486596,7.91788757137445,1
52962.8623738455,48.6208326834797,19.8170317421639,1
52943.8546205586,-90.2769177526492,21.8605361881622,1
52822.8546256323,-90.2972403838509,4.88649620929391,1
52566.8545778553,-90.2846672991081,2.94432294184744,1
52339.8545776541,-90.2737911400449,4.48563357482467,1
51828.8546211749,-90.2444537143714,4.2676532027633,1
51825.8907295836,556.76787677126,3.6087267835275,1
51785.8659707241,113.031655163603,0.790766984102342,1
51444.8594675772,-3.21959719978406,3.51243774367123,1
51319.8559621398,-66.3147711211061,1.23468126867939,1
50420.8546265871,-90.1620728016612,4.95729011727091,1
50281.8546366438,-90.1577515938241,0.12514389610344,1
49350.8546244983,-90.1072407939922,1.7104770159965,1
49312.8604685258,14.8871571207656,-1.20060601498785,1
49272.8546314072,-90.1024697518209,1.72260822239604,1
48756.854623696,-90.073783540903,1.50575196192298,1
48664.8546276288,-90.0684223314267,1.54376406464691,1
47888.8546350155,-90.0250087856834,0.527845042024454,1
47268.8546053273,-90.2303323826304,-1.15856823630133,1
46987.855005792,-83.3957546282604,0.982895027378828,1
46890.8546105393,-90.2093345647549,-0.255124373593469,1
46831.8546185082,-90.206576709501,1.4576769213064,1
46433.8662294383,117.645849500402,2.13357384488771,1
46280.8546114363,-89.9351673721313,-1.21658308326918,1
45929.8556893524,-71.1836924925512,2.17540382002598,1
44828.874693307,269.150108012074,1.08861792693936,1
44107.8601201499,9.18338363814152,9.29158339971053,1
44005.8601195945,9.18948997464242,10.0458003816235,1
43701.8601193746,9.20756163470475,10.7557012143136,1
43678.8601186719,9.20994796791489,11.4642234326497,1
43658.8601179637,9.21216527081355,12.1724409245705,1
41999.883620005,429.214338497741,-0.000302752894477651,1
41879.854627902,-89.9286335814698,-1.14716598353282,1
41782.8546323298,-89.9236971965555,-0.183079321615545,1
41737.8546357577,-89.5017180221409,-1.28811959056045,1
41362.8550224966,-82.6605791387809,-0.294410952097232,1
41155.8545902509,-90.6488813722847,1.8446097467369,1
41086.8608794819,21.807843809495,1.47967069339007,1
40876.8691892456,171.238844451313,1.93688017988659,1
39967.8546951892,-88.788633520667,2.92969458179261,1
39534.8546473705,-89.5495477911601,5.78593873821341,1
39502.8546360372,-89.7136266774992,6.18120897534844,1
39199.8546324226,-89.6999553056293,7.61141841342826,1
39195.8618613027,39.914265723408,7.5024425005399,1
39053.8719999342,221.386972085435,5.25354924165112,1
38715.8641425466,80.409165208625,1.10889003499738,1
38189.8631695954,62.9913928769464,7.81373901082989,1
38163.8550324826,-82.9464576832331,8.83117238217341,1
38007.8546161089,-89.4747177385885,0.360259166562707,1
37926.8548749628,-85.4687769755051,0.190216668418894,1
37806.8545842906,-90.4526014990652,1.5743008606547,1
37786.879374045,353.714310613429,1.97761998140109,1
37650.8546553819,-89.4375014105647,10.750858687076,1
36753.8546052117,-89.4093864990579,3.5937574366842,1
36746.8545961786,-89.4088154627365,0.998798177018936,1
36614.854674661,-88.6468515244819,-0.0764031924429865,1
36596.8548867394,-85.3053078279613,0.527903378014453,1
36591.8696662268,179.609495793259,1.08011279855347,1
36171.8609316,23.5516568094612,0.518107752599299,1
35991.8571488763,-44.7175735721187,4.67182558236036,1
35802.9321394688,1299.22471476454,0.184396188798654,1
35428.8556513481,-71.3278280106315,6.81201192583867,1
35144.8549422247,-84.0433334538038,-0.235028699067807,1
35036.8723964898,228.932698539173,6.8256342547652,1
34973.8549565726,-84.3927967178218,3.13484831664306,1
34460.8800220782,364.554997874251,3.18332145275878,1
33705.860269695,11.2731683572672,2.5961579664122,1
33167.8556849585,-71.1618696552192,1.54229524766712,1
32754.8549580786,-83.5621245767491,2.08393007050135,1
32733.8646412861,89.8224111798446,1.65458526786821,1
32483.8546252969,-89.1662636890779,-0.90808482202918,1
32472.8546617518,-89.0572626146337,5.48067203328134,1
32346.9329080206,1312.02683645895,3.0260517631907,1
31235.8708123865,200.089723582334,0.114804143745996,1
30720.8710787466,204.843100576521,5.9644264590672,1
30401.8546681698,-89.0496963426691,1.59941553168743,1
30370.8545995077,-90.0475720203982,-1.01209138477629,1
30228.8545995823,-90.0399299022077,-0.989269779588873,1
30028.8948489368,630.381836790619,7.03981795811498,1
29455.856374656,-58.0837491575483,-1.35901369679385,1
29428.9301996601,1264.26249100363,1.35488711684618,1
29085.8600598089,8.03696572996505,-1.43313993747601,1
28877.8602700812,11.5430569976416,3.52437334700024,1
28776.8550218972,-82.4278206417271,-0.172452651220204,1
27663.8819474692,399.823102016697,1.10510190701031,1
27242.8852444117,459.19572356616,-0.0158042404751448,1
26956.8724593614,230.150241083002,1.18574566397431,1
26606.8546520134,-88.8359084416633,15.0266404511484,1
26606.8546520134,-88.8359084416633,15.0266404511484,1
26606.8546520134,-88.8359084416633,15.0266404511484,1
26606.8546520134,-88.8359084416633,15.0266404511484,1
26606.8546520134,-88.8359084416633,15.0266404511484,1
26606.8546520134,-88.8359084416633,15.0266404511484,1
26456.8557022164,-70.235898772356,-1.44063373815079,1
25419.8546389811,-88.771775386415,-0.901939310375889,1
24742.8672962375,137.568953898509,0.301671783553314,1
24584.8548199215,-85.9345226032839,-0.140873216213294,1
24543.8723746105,228.393557739322,1.15461393831821,1
24277.9006574335,735.137567458325,0.994378408207896,1
23985.8546691227,-88.9304111712718,-0.149162751029688,1
23780.8784209213,336.73048183641,2.59397580869212,1
22486.8679574563,149.303664653427,3.86682078141913,1
21989.857154172,-44.5468463303433,0.919274578771289,1
21405.8555436711,-73.0642347793576,3.04037095632292,1
20654.8589324412,-12.563633581806,1.60679360333708,1
20551.8719840008,221.78437896942,2.1822112156996,1
19780.8562968697,-59.316183249821,0.581585132275797,1
19257.8562823319,-59.4748771327705,0.831286877857451,1
19232.8615720078,35.1086481138057,2.96863212972955,1
18962.8602036509,10.4439312450248,5.08954215567752,1
18835.8602025056,10.5022475372519,5.453141334559,1
18238.8668967967,130.438600812912,5.71212825643119,1
17987.8688423309,165.414638330488,6.70390583793838,1
17968.8546500879,-88.356362761096,-0.838205579305895,1
17956.8546503623,-88.3552680821262,-0.871623728394651,1
17946.8546568715,-88.3545255743404,-0.839952899202761,1
17937.854663406,-88.3544596739683,1.61987569548835,1
17659.8618359254,39.6639170310046,0.609234509906304,1
17642.8546545918,-88.3381259848906,-0.831578268434175,1
17631.8546633597,-88.3370033679751,1.84490095505127,1
17611.8546574679,-88.3365501755249,0.711444914433332,1
17186.860593993,17.6019994776854,7.25049590938816,1
16088.8579780335,-29.2471256132451,4.58175839043809,1
15273.8546814003,-89.0037018850833,0.0605549459030263,1
13441.855071036,-81.5320022276473,1.03991901778018,1
12524.8546768475,-88.0513255944517,1.81964162325521,1
10879.8546806587,-87.9596403463461,0.805611804341703,1
10609.8546174745,-88.9457943279497,1.53073646349221,1
10609.8546174745,-88.9457943279497,1.53073646349221,1
10609.8832082427,423.309485237528,1.69454734877317,1
10609.8832082427,423.309485237528,1.69454734877317,1
10119.8553249612,-76.5971695511973,5.01146399264994,1
10024.8744307323,265.425351177278,0.847026962284724,1
9632.85477829913,-86.8873719106667,3.19783608794298,1
9528.85461614508,-88.8711329291088,7.53087634220058,1
9528.85461614508,-88.8711329291088,7.53087634220058,1
9528.8687321148,164.048094386821,6.96052109049768,1
9528.8687321148,164.048094386821,6.96052109049768,1
9240.85468884029,-87.8687893983588,2.27208149337944,1
9237.86805841424,151.904536023751,2.43319159772175,1
8949.85467602643,-87.8503573907224,3.92507233183171,1
8946.8719561265,221.576092316124,3.5305021788887,1
8437.87272991585,234.952926456229,0.225023322847802,1
7611.87979309908,362.501839060811,-0.156198787344519,1
6930.90091756269,740.684352265392,0.207006373881038,1
6141.85468631209,-87.5112614851716,4.37512026004602,1
6076.85510495488,-79.481931113559,-1.57561966981489,1
4137.8550075211,-81.593391831765,3.10574928524787,1
3738.85681108603,-49.7993600261078,2.12174657976924,1
3406.85756120453,-35.8479646622151,4.47948239386407,1
3311.85465538547,-87.5403375671433,0.690651587107451,1
3289.85464203859,-87.5380553638951,-1.38234113558526,1
3259.8692202304,172.690880152662,5.40964349535363,1
2721.85559719691,-70.505617272815,1.89302987623691,1
2711.88813104672,512.231740381692,1.53472424252892,1
1071.85471740156,-87.4124621853954,3.96724047258276,1
990.858885272895,-12.5481566265723,4.58524438215434,1
989.855149787306,-79.8679579069118,4.32085893213457,1
979.854662860187,-88.3975179499996,4.56837148398267,1
960.857153963535,-43.5048707309912,7.17719179167455,1
960.857153963535,-43.5048707309912,7.17719179167455,1
960.872291771091,227.655278756827,6.46093441705593,1
960.872291771091,227.655278756827,6.46093441705593,1
957.866379360042,121.252161913736,7.07628029030145,1
953.858986823445,-10.3901862134597,11.6612818649914,1
953.858986823445,-10.3901862134597,11.6612818649914,1
953.865143698447,100.128829033785,11.4459336092641,1
953.865143698447,100.128829033785,11.4459336092641,1
934.85632017146,-58.0725650712147,13.9382766077534,1
934.85632017146,-58.0725650712147,13.9382766077534,1
934.860398570967,15.6469531378527,13.8115953247277,1
934.860398570967,15.6469531378527,13.8115953247277,1
925.854722459436,-87.3904002321567,10.7617943085059,1
916.854690836189,-87.3927701045326,11.2803966617468,1
909.856792400614,-50.4594982867911,12.0826241981135,1
893.860034802518,8.6095547935155,13.5246315144648,1
848.855237640436,-76.9853828190558,12.5984632711059,1
672.857183587669,-42.89484575271,14.5827262954006,1
451.854642332956,-87.3497161504871,28.8604166533353,1
451.854642332956,-87.3497161504871,28.8604166533353,1
451.854642332956,-87.3497161504871,28.8604166533353,1
451.854642332956,-87.3497161504871,28.8604166533353,1
449.854681865974,-87.3616309948556,16.6431880898337,1
188.856531397937,-54.6011832968332,-1.69769409274923,1
-138.113478171047,483.139346644265,-1.37697360895475,1
-745.145266788699,-86.6677417750751,17.9292505884366,1
-814.145232128664,-86.6625116044473,19.0941609331761,1
-1321.14425096415,-69.3197933467536,2.36538878487767,1
-1477.14344303809,-54.6802538581865,4.21848613183162,1
-1903.14526424087,-87.2442102654278,4.26281516279442,1
-2307.14484295922,-79.5690155024729,19.6026507842145,1
-2421.14479141497,-78.3812738117328,19.1122599503059,1
-5409.14522557085,-85.7550978770337,21.6516271316794,1
-5484.14529957568,-87.0322643672791,24.6477759609812,1
-5687.14528701135,-87.2756449342042,7.94496211294455,1
-6110.14526562512,-86.996026780037,26.2524029558805,1
-6237.14530963931,-87.1177415270802,2.67435826612966,1
-6499.14521438466,-85.6943190704395,28.5093110600812,1
-6783.13711670469,59.8969858138717,-0.665242948760525,1
-7300.14533009239,-87.9278695737052,31.1856353710355,1
-7504.14413915122,-65.891955214452,1.52225015701436,1
-7666.14533567936,-87.9266663995255,2.65991062568849,1
-7675.13953065331,16.0757504358716,2.86760432577906,1
-7728.145238993,-85.6418607578741,2.20960695163422,1
-7758.14532713612,-87.8923991484783,31.7138906028516,1
-7805.14529892988,-86.9170347040245,3.31678338895591,1
-7808.1260185648,259.026908420286,3.34817184466813,1
-7811.14489883439,-80.3225115058503,4.66546227400797,1
-7855.14531793872,-87.9109033833261,6.37788449242282,1
-7857.14533711371,-87.9107121577395,5.81729051242021,1
-7862.13865490066,31.83059731561,6.27761855767226,1
-8994.14519970168,-85.5760984040522,4.98272744346286,1
-14483.1453633219,-87.5459857560248,-0.0541186911500507,1
-14484.1349501919,98.5865721667605,1.42490756118792,1
-15273.1452713277,-86.5001707177702,-1.73446301601722,1
-15733.1453046495,-86.713182129366,2.14348451626434,1
-15738.1408655632,-7.25013990216107,2.88146317905862,1
-15803.1098613055,547.63857830868,0.182302617451595,1
-20877.1443702686,-70.124338702627,1.88232452185683,1
-21253.1417323528,-22.1656618918059,-0.512736877959745,1
-23718.1394173772,18.8650796699976,6.79709570929372,1
-23789.1394179825,18.8694856220038,7.55776244461436,1
-26424.1372516429,57.7453244268208,3.04501762513502,1
-27794.0266975836,2039.09287649439,-1.15533159301905,1
-28264.1447028539,-75.771510470761,1.35568931681241,1
-28711.1427683638,-41.2328657725202,6.59249470969731,1
-30386.1430870011,-46.6555016105451,1.21632587382998,1
-30798.1451546341,-83.4143157611552,-1.44735657018274,1
-30844.1453427969,-86.6346202735902,0.651055538650292,1
-31405.1439473443,-61.5987118642205,1.81091304056567,1
-33657.1415508381,-18.5730764468659,-0.437630188265291,1
-33705.1400883997,6.88533985323954,5.0270257918375,1
-33781.1452672,-85.4611212178394,6.05259786213624,1
-33989.13551472,89.4470170244766,2.81802478408474,1
-34281.1051270755,634.373831896824,1.13721127576882,1
-34372.1449146124,-79.2519207732307,0.00668021683064787,1
-34408.1450790942,-81.5637765453397,-0.401168812012907,1
-34494.1408091104,-5.52576455411895,0.389729476485412,1
-34557.1453587748,-86.4269209937163,-0.258844922863954,1
-34854.1452298729,-84.4079021483408,-0.0467765231518227,1
-34927.1452968917,-85.4030452966784,2.26326968541438,1
-34950.1251075585,276.151994548052,2.83064081058435,1
-34994.129930803,189.774077243746,-1.51866118827844,1
-36210.104945868,636.885132904033,-1.22732589300686,1
-37272.1185136835,394.453258016108,0.348116083036116,1
-37874.1453121776,-85.2498434358108,0.706439224572112,1
-38370.070838769,1248.8022926456,-0.215302316582882,1
-38917.1453509835,-86.1838429996781,-0.214110738069292,1
-39144.1380478864,44.0442463951928,-0.167306486543098,1
-39952.1452528972,-85.1239111599665,0.841250904853118,1
-39955.0936691304,839.199180467987,0.22858447904892,1
-40114.1453494486,-86.1172573760044,-0.232231768803014,1
-40281.1260631293,258.901298469851,-0.232676467884212,1
-40288.1392737692,22.407779272316,-1.60254569143831,1
-40500.1405896332,-1.80772935279114,3.60357015885631,1
-42397.1431139641,-46.5344174096522,-0.155793348304574,1
-44080.1453058651,-85.8805585552892,1.9627858841639,1
-44128.1046903704,642.031362542688,1.982223020855,1
-44293.1440091734,-63.3977732614776,4.39727831667386,1
-44303.1448245942,-77.5766736471765,4.38245537050683,1
-44953.1385885285,34.6985951314416,-0.0510402387173781,1
-45002.1452911081,-85.1472722462733,0.809734484255791,1
-45137.1049356865,637.391174024235,2.29255573703924,1
-45479.1453135858,-85.0479199365609,0.123396786487999,1
-45494.1121847424,507.107131337257,3.94969382047121,1
-46506.1343534094,109.926286527411,5.95327956341219,1
-46751.1450345126,-81.2528341261736,0.335820032490003,1
-47111.1452328652,-84.9644145750499,0.418423244880539,1
-47466.1271594127,238.891071307781,1.23630488180749,1
-47580.1274577128,234.323523049608,3.45677348166523,1
-47595.1451969914,-83.7093137667529,2.2464343949829,1
-48026.137214741,59.138983701287,3.67769103559742,1
-48147.1453019646,-85.6656776750693,0.120738891398639,1
-48540.1452493629,-84.6443332384644,-0.457377431815956,1
-48620.145226686,-84.639044691363,3.556444248348,1
-48624.1448006215,-76.7317715655338,5.82216914242122,1
-48642.1452236463,-84.6370645111687,2.78934757423491,1
-49994.1080382073,581.997455198059,2.21906970915355,1
-50025.1452815301,-85.5533397339936,7.11134728746564,1
-51208.1452513888,-84.3162360226425,-0.0543182073870393,1
-51212.145199479,-83.2762563154867,-1.12077988643934,1
-51365.1452701267,-84.7194194455625,1.13595267653473,1
-51530.1400191721,9.34382946501789,0.81213116558213,1
-52184.1448412687,-77.439082690064,2.79369331397584,1
-52687.0896610249,910.875263903088,0.418843958356926,1
-53214.145313856,-85.3864950832134,2.21985401339936,1
-53239.1452387462,-83.7935339499668,-0.334385075539445,1
-53239.1452387462,-83.7935339499668,-0.334385075539445,1
-53260.1453181173,-85.3764927799527,2.95710498808196,1
-53654.1452544306,-84.5980020328927,0.519113525040242,1
-53662.1452764818,-84.5986341141041,2.15518527556875,1
-53665.1384859981,37.3228183462387,2.49311295960304,1
-54282.1453250851,-85.3263146176307,-0.163914458704402,1
-54422.1452489099,-84.31505644573,2.04573150275817,1
-54768.1452137646,-84.1903419948388,4.86150716799903,1
-54826.145195759,-83.2935100367168,0.0490478169536838,1
-54862.1443126864,-67.9007510237387,-1.40164296193355,1
-55324.1424973939,-35.2624453733231,2.8353119041924,1
-55325.1320620055,152.025965332908,6.2312682769961,1
-55680.1452394135,-84.2451265080668,-1.32820037930895,1
-56135.1447590665,-75.9288256116175,3.13279137149707,1
-56215.1446845033,-74.5108474280279,4.58464972090101,1
-57102.1452613112,-85.1497947025891,6.27749937976311,1
-57158.1420475091,-27.4258177289743,7.45334019859964,1
-57222.1452218035,-84.1542218787057,5.14090842992231,1
-57244.145238354,-84.1528928408177,4.43170515754267,1
-57284.145239096,-84.150904294689,5.05359695937997,1
-57351.1452397909,-84.1474046926429,5.67634561931722,1
-57493.1452403562,-84.1397156129322,6.30001639836067,1
-57896.145118963,-82.6514992679389,0.454660579532127,1
-57988.1253130498,272.838017797814,-1.42573506033284,1
-58839.1314223606,162.798598338579,5.60235960909673,1
-58947.1424248027,-33.6924355439602,-0.553954452987266,1
-59061.1453037929,-85.0593080219478,1.70462757869465,1
-59367.1452569009,-84.27995317921,1.42642086031785,1
-59464.061311635,1419.91227375699,-0.131525339449429,1
-59495.0840600848,1011.97172020735,-1.33556885767816,1
-59679.1433378219,-49.9983352360654,7.03476155796789,1
-59785.1449198591,-78.2779786165245,0.241233978006458,1
-59843.1452516714,-84.2467127485963,1.86534199847456,1
-60240.1452628944,-84.2245644268696,1.75684835827937,1
-60545.1452631752,-84.2077555994084,2.38559690730461,1
-60721.1450637838,-81.0648933450958,0.0595827482715973,1
-60728.1451077883,-81.8243582578305,-1.25031903716422,1
-60734.1448967588,-77.9036262302776,-1.24795584071024,1
-60740.139985646,9.8575326612875,1.80680608307095,1
-60848.1452662326,-84.1898903909038,3.21097502988046,1
-61151.1452625014,-84.1723646379832,2.43839373631306,1
-61871.1348363818,102.214187762155,0.380817139773337,1
-61896.1448373492,-77.3078355283427,0.318461915954684,1
-62393.1450221769,-79.9020660372395,-0.302261338639615,1
-62470.1452478111,-84.0999219453384,1.36316628987552,1
-63824.1287766638,211.234676085466,5.30020136614885,1
-65030.1427228346,-39.2146515721339,1.19928186882349,1
-65220.1449858145,-79.8096359643688,2.99787667831385,1
-65429.1365272856,71.304795280261,3.07802022295445,1
-65723.1450344713,-79.9964503527966,0.42554589224647,1
-65851.1452491595,-83.9112345256305,1.62730518714772,1
-65977.1452561323,-83.6699766882705,-1.42078280793449,1
-66056.1452526381,-83.8999160286159,1.91245798796517,1
-66081.1381748058,42.4776988693158,1.47069915605619,1
-66340.1452682167,-84.270606224081,4.56830908147598,1
-68367.1430259839,-44.5439073027632,5.68172829572572,1
-70318.1445657423,-72.1061641575968,7.98234772457587,1
-71167.145244016,-84.3706479824086,5.51530938176658,1
-71214.1430406831,-44.4778748106546,1.76205748023342,1
-72017.109839325,549.979202887256,1.43871735257367,1
-72069.1441412526,-64.377830345125,-1.79852426210359,1
-72524.1257740812,264.778899021445,1.74602372643288,1
-74328.1234854006,305.802965955267,2.05455040193562,1
-74533.1452453314,-83.4323325594099,-0.588674775027338,1
-74537.1408951087,-6.30017570282406,1.16066293666634,1
-75152.1315892783,160.850054108412,3.43733557817198,1
-75534.1429065831,-41.6057136991235,-1.43663557505771,1
-33964.1434963908,-53.9248742682334,-1.82174781916215,0
346.85475259814,-86.3905311009859,-1.8373114147144,0
-42439.1447521361,-75.9923812268063,-1.77585699927318,0
-67292.144634986,-73.4067076784516,0.819020636155983,0
14163.8557110173,-69.6202604276594,7.12959371997381,0
-64092.145128629,-82.4949633449961,0.783808866557621,0
-46032.1237975606,299.72192678926,-1.53578898670608,0
17310.8548463593,-85.3656382255804,-1.2713428097168,0
56246.8645993735,88.2519599967376,0.228965695243648,0
-76554.1366620812,69.7339941384568,-1.71874374976787,0
-33678.1314920122,160.531607136538,0.977395814873931,0
-57512.1451160952,-82.4523009045029,0.459393074601017,0
-60187.1428206176,-40.4918528702065,-1.60514178271943,0
-50684.1417801057,-22.5200558350807,-2.09685466133729,0
45676.8690234095,167.99192892939,-1.23169166554592,0
-7477.14309265314,-48.4257691469465,2.16435510049457,0
49684.8644839261,86.5791278255138,0.287408789300817,0
-31855.144765842,-76.5830921644804,-1.7433764033806,0
36651.8557196936,-70.405716122865,1.39245375694391,0
-42087.1390887238,25.1992871230786,0.827657221661445,0
43017.8546384182,-89.7512722513635,-1.46156409178172,0
29438.8551625966,-79.9946171070048,-1.22035185781154,0
-75186.1437822411,-58.1533119109921,0.462464384135756,0
-56969.1402580554,4.77949530463315,-1.63503978993587,0
-25639.1343083062,111.133172335269,-1.90418383594808,0
-61487.1445963052,-73.4195111141262,0.708879769700956,0
-26168.1085818842,571.118495742515,0.136598671136316,0
43599.8598935233,4.21827699352412,1.64428172562999,0
62323.8578809691,-32.1292479491397,-1.2922180657922,0
-27817.1418468157,-24.7974104605596,1.75362166466882,0
-58656.1451822652,-83.0975827273914,-1.65318154518134,0
31503.8591328781,-8.88969344704953,6.59711083067,0
-70485.1451985162,-83.5282560891821,0.506917482294945,0
19590.8546359635,-89.4446125578447,-1.20348032459623,0
18710.8609675419,24.0947420661205,-1.01240596357424,0
57730.8557229537,-70.7136493712086,0.43465087363133,0
72217.8745662603,265.374733686645,1.18946540647322,0
50368.8637769551,73.8296984090191,-1.41040085978619,0
-54100.1451152133,-82.3627167348998,1.21960829440302,0
48705.8547493733,-88.0809705627908,0.436439586064653,0
-31690.144310968,-68.4421743153119,2.44091832489465,0
44938.8558501872,-68.4074790114953,1.14620421424388,0
24064.8556731255,-70.6842840078599,-1.18784013888666,0
10266.8546928216,-87.9232652482857,-1.30650893403817,0
6751.85536642729,-75.1686405248951,0.734833271803026,0
-23564.1446623173,-74.7270322531736,0.104699814616502,0
30528.8551196691,-81.0962531743321,1.32736508095656,0
-61436.1422809242,-30.9320492435328,-1.62000698060732,0
-73984.1396865477,15.7811726600721,-0.849483726923436,0
61013.8546912376,-89.4675134203286,0.20923787216174,0
-46941.1158123266,441.671804577296,2.49873500068761,0
72663.8552375487,-80.557004521084,0.511651218128616,0
44841.8639353958,77.1792729619547,1.20694310431301,0
59215.8660294523,113.747950755812,1.25417753829311,0
-1395.14495290134,-80.7834675330569,-1.69574773705463,0
24984.8546879175,-88.4560980602482,-1.17773976283945,0
51230.8587540075,-16.2591516367914,-1.44019594594259,0
44593.8548463276,-86.0273730169362,3.49207874656104,0
21850.8546592933,-88.8926245254873,3.64013057037724,0
1166.85511289037,-79.4166221519878,-1.85934423718917,0
42659.8546440081,-89.7310209401632,-1.43181336328707,0
62235.8575341301,-38.8216779307632,0.951645580678979,0
58984.855372481,-76.6535413419159,0.387406667432929,0
-32326.1451609402,-83.8780334424126,0.362840665868099,0
58873.8621480389,44.5040445023004,-1.42476590792799,0
-42045.1450717957,-82.3450647707146,1.01549290855402,0
-69553.14516616,-82.679370307382,-1.64743292122053,0
-24683.1383333304,38.6786778207671,-2.00452894131719,0
-2847.14367310629,-58.1878326254252,4.46750437825673,0
-57508.1436642154,-56.3904345666237,-1.7185141923901,0
-64852.1447719653,-76.33106542192,0.666278942393281,0
58267.8551130595,-81.7335346841261,1.46715429229038,0
63579.8545708765,-91.3998896765954,-1.36177680158692,0
-25997.1448317459,-77.7800052872974,-1.79186738054829,0
-53134.1444644768,-71.0458899396767,2.59962987713544,0
-21411.1432534824,-49.3059477461126,-1.75435130523202,0
-64875.1451625204,-82.750406027967,-1.6662537626722,0
11316.8575039272,-37.6035988021482,-1.14128171005407,0
44551.8552281979,-79.8366241803326,0.484091490933889,0
41369.8635643233,70.0528857005871,-1.32870160563752,0
-45801.1444596827,-70.7959560722981,-1.52667126749415,0
18511.8560323694,-64.3853524460493,2.10635274530572,0
-50326.1381345649,42.4595098013739,-1.75271680300846,0
-55162.1427840312,-40.3216402543761,-1.71011214920616,0
-45212.1426967887,-39.3873411098237,-1.74748405813927,0
35507.8618165611,39.1388396061098,0.370040727689483,0
22772.870029512,186.382542300409,0.640777066080429,0
-72806.1430581736,-44.6760444320702,-1.81955798473193,0
14244.8549724187,-83.2470708933233,0.451684336536844,0
-46587.1439971872,-62.6712193128686,1.10889248228504,0
7824.85472684255,-86.4799970587806,2.72939566530019,0
-22855.1422243422,-30.7551072535161,-1.69790879404239,0
81306.8546212899,-90.4027280925793,-0.229317960592347,0
-60328.1452165714,-83.9842730831798,-1.65787530634366,0
-28700.1444959499,-72.1995129479306,0.87188137383579,0
-68555.1448253829,-77.0866493250251,-0.264770396780431,0
76285.8936107411,607.283587896083,0.434924341683918,0
30817.8562343285,-60.5113353762257,-1.20576306875384,0
-30382.1434040241,-51.995743404041,-1.64527833974945,0
22177.8741447677,260.415603362525,-1.31270227077984,0
-71293.1451514681,-82.5830215721469,0.467503535611078,0
-53102.1409965749,-8.38566160112513,-1.9560939736042,0
-63580.1446721601,-74.4629974007776,1.93743335149059,0
58299.8593593767,-5.85223731498215,-1.40861816307129,0
86246.8545276597,-93.1446081941463,-1.50319130018303,0
-72260.1447571828,-75.4188895951207,1.8193539615512,0
-72706.1346747851,105.707994943058,-1.27150808085073,0
-32091.1090499363,563.446383584447,-1.49833924827552,0
60392.8607499758,19.4304456103167,-1.40355928826167,0
84069.8575412118,-39.1421849808958,0.740154941849396,0
90705.8556567758,-73.4150583685794,0.0999714565568415,0
37881.8682988938,154.758198917783,0.6303570834246,0
3903.8605796521,18.1314305111127,-1.79528481969847,0
5423.85494217574,-82.5532174670763,-1.72412070359866,0
43378.8555788313,-72.7703675089771,0.847277177112203,0
31399.8600718527,7.5981419722096,-1.24413146344503,0
56647.8548873083,-85.6134770346914,-1.28599670428665,0
54461.8547332844,-88.5112981933967,1.67236844288232,0
-60516.1437403675,-57.4920681424687,-1.96995178816402,0
-43746.144454414,-70.7379677334708,0.891168074101435,0
64502.8575208712,-38.4087477615727,1.35031422317563,0
-76901.14138844,-15.0569880725692,-1.74025462995623,0
-20456.1452862076,-86.2092930150959,-1.86283433925284,0
-37565.1419854126,-26.3033048843852,-1.97769664343658,0
-70684.1452063718,-83.116707929369,-1.55706285206627,0
52061.854760106,-87.897853286091,0.26792852815426,0
-63763.1275828856,231.213121556855,0.611639151762012,0
-76617.145041507,-80.4955974074324,0.504197070079266,0
52575.8565753649,-55.285517931094,-1.32684869140306,0
-16414.1452320562,-85.6431752446728,1.44127712907688,0
56555.8545629699,-90.5807511169177,0.552018780330321,0
-65029.1425078658,-34.7216577026006,-1.51825263862654,0
19742.8546681957,-88.6839695793961,1.47070732103395,0
-44667.1452524599,-84.8586982120893,0.539165908653722,0
49617.8593148052,-6.1692115506959,-1.41628892734119,0
-71720.1236631213,302.65799745886,1.27792967823375,0
16773.8548490493,-85.5073172764631,-1.22095073729535,0
-25673.1418019169,-22.5200015335989,-0.290344126714639,0
70647.8587572772,-16.9838583358795,-1.4053300521042,0
43733.8593982996,-4.78948181087704,0.968212622834327,0
37042.8547369335,-88.4391444282544,0.814776823888647,0
75421.8584375384,-22.569615183739,0.583724440461632,0
-32964.1374042954,54.6022232632049,1.04262494922554,0
-40217.1452436249,-85.1067213470015,-1.78956128404704,0
74296.8551987886,-80.6477509057599,-1.54153738586727,0
-61532.1451990895,-83.9151736230719,-1.74174230846908,0
-50087.1452014384,-84.5550972782622,1.49312981970023,0
18227.8581341945,-26.3675649097391,-1.44035859018301,0
17365.8549212086,-84.3310669332502,0.895288165329174,0
-55392.1452715225,-84.2597557336398,-1.59927431467824,0
63521.8595364974,-2.49615334495402,-1.29627647011703,0
-34362.1232987185,308.571889438829,-1.81312464794434,0
40357.8554691518,-74.5843351954047,0.899740888147251,0
32452.8573777782,-40.1602616002174,-1.76424051466733,0
-41332.1082400517,578.342460836648,-1.52061881184759,0
34414.8570685242,-45.2836684691185,-0.0336680451856804,0
-29114.1448794329,-78.6861735480651,-1.74772289197124,0
-72049.1444610738,-70.3410176452938,1.21111325660222,0
91836.8566640779,-54.6070384662127,-1.41124851652081,0
4082.85601595595,-63.6303459896218,0.573587014338954,0
18133.8557449236,-69.3620949864857,0.0617677937985187,0
70163.8570071326,-48.2677355058595,-1.32046320849514,0
-35993.140498015,-0.141198728716151,-1.77936066565649,0
54989.8562192774,-61.5705872760555,-1.38828901032118,0
-32911.1293807578,198.492088262014,-0.144407944465273,0
-73900.1451578993,-82.2467888966682,-1.64295811850148,0
-50850.1428955574,-42.3114176940484,-1.97027973007803,0
-62155.1380505956,44.1215839852637,-1.96685068045795,0
-30561.1380534315,43.5661626598756,-1.79951348477443,0
-73095.1446705865,-74.2831622539471,1.00452937947684,0
-7366.14530194629,-87.0513702522884,1.70040993326542,0
17999.8582780323,-23.4149659728357,-1.14389631536462,0
29125.8546820639,-88.97507579103,1.62024515126711,0
-40084.14365868,-56.1431806062376,-1.85144110356547,0
-36725.1294966369,197.682921775169,-1.83310859865373,0
-3030.14462475876,-75.1920133348135,-1.96519481116724,0
62957.8576313276,-36.8616168423987,-1.66741171298347,0
28762.8567842826,-51.01458677249,0.576326673136397,0
17924.8609722848,24.0643261121436,1.68665948065434,0
61378.8554467209,-75.7858886218594,-1.67078909121584,0
55007.8585532219,-20.1617936894438,0.7963859781762,0
47207.8546918874,-89.2071034354924,0.463917712324523,0
-59321.1450125248,-80.5511790249973,0.487705992529243,0
30247.8554518212,-75.0495089066512,0.627320323973758,0
-62322.1452422585,-84.1034917245848,2.28889301045332,0
89049.8554443079,-76.8516220100092,1.50071988769519,0
13244.8560289757,-64.1387682051127,-1.60689524650366,0
-33082.144692491,-75.886016582049,0.6678655809523,0
-64559.1423510713,-32.7451870811859,-2.14474605719457,0
28979.8549059186,-85.0300100258346,0.445055349874047,0
-26213.1441914591,-66.2866080534674,-2.00366992939546,0
57782.9093341386,889.436793582964,-0.750067878140903,0
35092.8558941336,-67.0890488159931,0.94445182127878,0
20771.9818383769,2190.01457966861,-0.694020211196484,0
-51997.1417368113,-21.6871428059016,1.15001757625834,0
-48324.1267492117,247.329161182039,-1.5739805006607,0
-63063.14524602,-83.831555194845,-1.56287710786464,0
-69130.1448860481,-78.0219657678102,-1.69881777542728,0
-58668.1445011212,-71.5466903637319,0.75277394553252,0
-50938.1452025277,-83.5290028046784,-1.61202452692279,0
83834.856704426,-54.0297960095865,-1.6684596822604,0
91565.8550384502,-83.4718877841384,-0.0345205485303744,0
23781.8568299826,-49.6771238554016,-1.41072992202807,0
12489.8579744246,-29.2382946372522,0.388786630289941,0
19672.8781985261,332.724606348626,-1.03364218986622,0
52877.8581631739,-26.7020001370378,0.570001430399097,0
-33584.1372701426,58.3159627803334,1.66822578489405,0
40055.8673745425,138.417644855808,-1.52454042709977,0
-51260.144197348,-65.488215508017,-1.8299060879545,0
-45091.1445295194,-72.2552060909623,0.409941174972047,0
-53880.1350348674,98.6575750881752,-1.48766205793417,0
36511.8581647237,-26.6378018751753,1.07852310184891,0
-72630.145050437,-80.4496442678948,3.84950353612644,0
24255.8582014881,-25.8227233607647,0.689233765509706,0
-32967.1413471005,-14.5208476898272,-1.47279739703932,0
43245.8555386541,-73.7618944768681,1.89095327361714,0
56504.8578802231,-31.6247196820891,-1.3298269201904,0
-46646.1433631567,-50.7467181175374,-1.73306083032058,0
93531.8809498695,380.434790346397,-1.56819453863334,0
19684.8572436492,-42.4463848675697,-1.55401322563886,0
55544.8627594405,55.362635712457,-1.55618636366464,0
-31864.1414212461,-17.5721330636421,0.583574392814531,0
-74846.1450989399,-81.4848192664743,0.50117092902411,0
54179.8554429206,-75.706940420416,1.41448370012402,0
52885.858161287,-26.5021798634933,-1.34364356191395,0
-24155.1265756361,249.540115910662,-1.63035669617603,0
-1796.14509908543,-83.3508106460186,-1.9038152139143,0
-60756.1450085178,-80.971008244511,1.48130679792233,0
-729.145341762616,-88.2988674753561,3.22689268531641,0
88380.857218167,-44.9242345566072,-1.45569586647892,0
70916.8547337876,-89.2410694160292,0.320721429014102,0
-21433.1263057837,252.851000607472,0.564716820250479,0
36293.854852561,-85.3866242716737,1.79794758894084,0
22845.8560979394,-63.8236009447978,1.94687979984161,0
-23184.1416420919,-21.1073852243813,1.03125478685198,0
50032.8567531923,-52.1419255823733,-1.61763947324541,0
-66828.143087129,-46.1069937027857,2.27564344014288,0
59357.8553434468,-77.4122253252444,-1.89954837296949,0
7827.85486220659,-84.8597629711016,0.682438336332177,0
34613.8629829412,59.7178322923419,0.950292799110403,0
37923.8546036414,-89.708972640402,-1.22730669995058,0
61303.8552976919,-78.7315721573335,1.8253645558159,0
51945.8603497671,12.6999415104497,-1.27394438220558,0
48004.8553036185,-78.0201366773509,0.137760189503044,0
65200.8552545149,-78.9583288920568,-1.68836394386794,0
-27278.1432581576,-49.7272181304058,-1.9723592625378,0
-20088.1432522052,-50.0613857499301,0.818739678783935,0
-60299.1431506649,-46.9843761030818,-1.85006284135591,0
6032.86288585309,58.7152838521036,1.07662768307846,0
-53875.1444314954,-70.340111715918,1.54275405144965,0
46198.8580419839,-28.2699513087088,2.37610579761478,0
-75132.1452032078,-83.1572744693887,-1.5678109586924,0
35862.8546924991,-88.3940023403017,0.719785192604994,0
-24238.1299222673,188.846589478755,-1.83522396053501,0
-58229.1449986864,-80.110847802678,-1.70041663120938,0
-50272.1444100719,-70.4166487508767,0.397880349319452,0
63544.8732568851,243.62783934017,-1.708928819562,0
47957.8554810583,-74.6882492549447,-1.18662509287947,0
59062.8573295047,-41.6458752207838,-1.61383072687681,0
67529.8554140439,-76.9404869567509,-0.0584888179518442,0
-68869.1451883711,-83.5068178866935,-1.67929240268834,0
-52530.1451673337,-83.1396886371115,0.78798440538386,0
20416.8547852741,-86.2108257129773,-1.28747477135744,0
-30766.1439679743,-62.6440654077937,1.63702011359474,0
22089.8548068767,-86.6852424961954,0.582691669792177,0
30685.8577641141,-33.5532293394359,0.631341653568457,0
32251.8554137881,-75.1505040903211,-1.50870365257759,0
-27500.1443320903,-68.7457122962879,-1.72969914967622,0
-55073.1447309328,-75.2766691298576,-1.69695109603841,0
19832.8569288908,-48.4585050578985,1.27777451831339,0
-57371.1450340141,-80.6592222539212,-1.68079482596292,0
-77526.1451924936,-83.0250713873077,0.822291096500951,0
53243.8561619511,-62.8215030257223,-0.026098222136359,0
71287.8545710542,-92.3299699725298,0.226561806574671,0
29449.855683405,-70.5433731444384,0.400039555528573,0
-55837.1451979554,-83.4452043090452,-1.6092202601068,0
-53065.1406839453,-3.58770992689493,0.34575129946378,0
-18691.1449100325,-79.7491615374503,0.430626536367426,0
30436.8553417375,-76.6497658904423,-1.30641907745927,0
50290.8652687371,99.9872513115558,1.48590191797892,0
89820.863863916,73.7664739043773,-1.36966141947653,0
-22786.1452453896,-85.100080203831,-1.74668665777982,0
91400.8545559143,-92.4516095679316,0.701964462552633,0
-26646.1385179778,35.1383601901366,-1.89472521655574,0
42821.8584809466,-20.7490777697764,1.05060199961821,0
57990.8629389657,58.4155286418379,-1.5376773140285,0
876.862644533819,54.8214479495546,-1.89788932952626,0
73654.8546087989,-91.5742147217116,0.288565927014495,0
-59676.1430495375,-45.0197544335284,1.30779889360331,0
-67927.1430294926,-44.6586725601893,-1.61649902635752,0
39172.8564635286,-56.5576504974657,-1.26215283398661,0
-75985.1395297796,18.3898236761935,0.919486643395228,0
-43479.1280055238,224.118252234117,-1.64239195322633,0
-21260.1374097709,55.5665270534435,-1.67506089248172,0
35393.8568046674,-50.3267434285148,-1.25207707964964,0
-63922.143968001,-61.3738928294201,0.329317640233681,0
-48230.1447422022,-75.6691856511207,-1.75366044780927,0
-12585.1446509837,-76.3798078526466,0.640045083077488,0
52603.8584732952,-21.2959655232873,0.874777330299297,0
10391.8575893789,-35.9715600403007,-1.04818629785589,0
-70034.1435597737,-54.6217361622392,2.61156253814445,0
25239.8546788582,-88.8713012292931,0.531522899984872,0
22428.8554487127,-74.652538170502,-1.28501725795526,0
54685.8567435212,-53.134399730182,0.817677681593085,0
-36036.1439567076,-61.8385208450179,-2.01166480106218,0
-32416.145216961,-84.7521109695711,-1.74391313343421,0
-43197.1407976889,-5.95006791047359,0.81721370397408,0
54548.8702857696,190.24860889399,0.494025693535436,0
-51588.1406722274,-2.43095853047254,1.37779048829987,0
50568.8886371333,519.138528458478,1.82061323095671,0
-50584.1445912751,-73.5254589861787,0.811594295177809,0
44498.857999922,-29.6338271564218,1.08218000865426,0
-60096.1438699227,-59.9965815631701,-1.62656982177333,0
-20899.138829128,29.416603391765,-1.87562249911032,0
-69236.1451694904,-83.1978220835677,1.28775519398624,0
4921.85863354123,-16.6238464159919,-2.06836465424126,0
-54592.1447206521,-75.5418864211091,2.44499283523457,0
-30896.1447306728,-75.8867363249505,-1.74764855123068,0
35275.8763038712,298.44528246777,-1.1864653489804,0
29766.8546662117,-89.1239117026958,0.46980313093017,0
19593.8557858812,-68.3951718481845,1.84703640462957,0
54260.8565253463,-56.0994639809,1.44759182631754,0
27036.8546464188,-89.1014530803863,1.80539854467334,0
37212.8596542413,0.0733602986390551,1.4357640554827,0
-38975.1420940474,-28.6746690545396,-1.77748304811776,0
-32551.1430260292,-45.7533738865692,-1.855303031641,0
-660.145341013157,-88.3046303908387,0.786801063842777,0
12484.8773246526,317.457307546603,0.397937678976897,0
-39324.1452825615,-86.1461792690381,0.611931019118425,0
-68311.1291339217,204.364357098536,-1.54559392281515,0
74900.8556629725,-72.5299828050521,0.366062171716067,0
-65239.1444388497,-69.7091695770072,-1.86716478719586,0
61378.8547946975,-87.2880245115241,0.302445568430557,0
-40487.1443929903,-69.3717086002701,-1.62256706506932,0
-58318.1428186554,-41.0358466681373,-1.7326799284898,0
54595.8603077442,11.3056234740866,0.603263566752654,0
-75166.1368695017,65.8482592003883,1.38547563929797,0
-19107.1426658512,-39.3935625899709,0.361304321434935,0
51584.8548119265,-86.7409797240554,-1.33789300326373,0
-47504.1402119201,5.30363896920551,-2.15459181373296,0
50083.8630960847,60.9365529463691,0.213063050503684,0
-18565.1449438583,-80.544948025915,0.620004449348758,0
-65820.1452121788,-83.7890117448661,0.475901545911142,0
-37748.1452808764,-85.3546508277336,-1.76546308586245,0
-66930.1451335753,-82.8242509446337,1.87592639970961,0
-1617.13788403334,45.2157412664319,2.92590518153573,0
-62880.1447176392,-74.9916144810764,-1.52733932453235,0
36890.8545988858,-90.1609153865448,-1.24792555479448,0
25334.8634243358,68.2381181532382,-1.69602426426591,0
-75029.1401834924,6.56821813353347,-1.69578272965776,0
-34761.1435631868,-55.6291233017662,1.29758545745072,0
60035.8551519462,-81.0826590082084,-1.33581432946593,0
43237.8551433496,-80.5947475336292,0.0813843896926513,0
59561.8550640792,-82.296517372993,-0.0791684465628956,0
33298.8550970498,-81.2200635559813,-1.30776752770984,0
-43671.1425081897,-35.9085046505123,3.00814865144802,0
48899.8581519518,-26.9667939687787,-1.76128966034031,0
-34717.1413957445,-16.4221402977976,1.43058367115998,0
14715.8574044259,-39.1700263109038,-1.26682535007705,0
48122.8549737756,-83.2373114471139,-1.24878723302031,0
43061.8559840367,-65.6546265869081,0.732229173517406,0
37213.8562317129,-60.8681167934962,-1.22598923123593,0
14420.8551969794,-79.16521187736,-1.24413142310321,0
15428.8553978937,-75.2409225057864,-1.20351024080261,0
-44835.1438623282,-60.9487383510157,1.36645388816408,0
50432.8825500189,409.831339969941,0.79518357136533,0
-70781.1436589292,-55.5985366985501,-2.09451512456612,0
16352.8620303239,43.1492767252275,-1.46960816631657,0
39082.9137498617,969.478103246357,-0.929582813030481,0
61351.8552066018,-79.5655773984706,-1.40686376295593,0
17967.8596190957,0.0977025499753187,-1.46199007355923,0
50437.8789035067,344.542154296394,-0.0576591012000742,0
-19505.1445064307,-72.8330904254377,0.0736826213439826,0
-48392.145246787,-84.891209198087,1.78268624066202,0
-59756.1425069914,-35.0152293951975,-1.59078227797349,0
47803.8546278951,-90.0185767329788,-1.42660258555443,0
-58353.1447802545,-76.1055673902561,5.66736293595222,0
-16734.1067844977,603.589090131351,-1.53077752712173,0
-69413.1451980553,-83.5889630209828,3.19189977307566,0
93791.8633036152,64.418811699004,1.41290614647792,0
-34334.1436814128,-56.4842142347995,-1.8118741878517,0
-56100.1451138221,-82.2305410937768,0.539503383815582,0
-41539.1437173204,-57.4104455222946,-2.17560172535543,0
-54937.1418856794,-25.2955157507341,1.79045940043971,0
-69443.145186239,-83.0165664287069,1.958026262264,0
27975.8552871144,-78.4120574392811,0.882303406510162,0
36050.8580728707,-28.4369662202724,3.11947406309546,0
-35411.1446776104,-74.3842879222826,-1.77750892246736,0
83766.8554455337,-77.0775218964675,0.28121479269704,0
43365.8552218191,-79.2710843978047,-1.36614428393418,0
-30136.1437403771,-58.6785631727925,1.93837042039476,0
24065.8599604606,6.30593734191247,-1.19996360868132,0
796.856627247778,-52.3966100025773,-1.79257027287772,0
10460.8588867297,-12.9308089252529,1.42231660688683,0
-65934.1400549397,8.27506908177775,2.16817565687967,0
51951.8663497415,120.238608472738,2.96906865580813,0
-66657.1440021691,-61.7303906372985,-1.6522844401548,0
-51711.1449436295,-79.3562714812834,0.980588568402511,0
8247.86006633705,8.08227449669536,1.82497102967939,0
-32377.137146613,60.0467544667639,0.377171582416694,0
-36641.1351552992,95.4051609050351,-1.58225029823479,0
23976.8562030664,-61.1992636427171,-1.18767185326245,0
41359.8647354335,90.86468618026,1.20708001158913,0
61509.8559143838,-67.2820874729699,-1.48141636501565,0
18732.8563011344,-59.3937714143206,-1.7455561671967,0
-32645.1390397285,26.0130918142267,-2.02675294502639,0
-37526.1448926406,-78.6974003772797,-1.56545196314978,0
13025.8575742125,-36.5741628346304,1.31854653093865,0
27522.8557243253,-69.8849386515189,-1.71135768120799,0
-32395.1436433387,-56.4921244343694,-1.83908911583325,0
23679.8615000977,33.37028067338,2.16317179192549,0
48286.8567777316,-52.0406986015192,2.08824993374967,0
46447.8577469703,-33.9413579153617,-1.63423190061884,0
-75522.1393879141,21.1141633165125,-1.48674362162781,0
39907.8557107808,-70.0163213215883,-1.73288228810538,0
-30554.1413138056,-14.6430639118914,-2.22791933095484,0
-28526.1451931298,-84.4803450864601,0.355074110587254,0
-64216.1452215622,-83.7680710527335,1.35700189457051,0
40548.8564276734,-57.6131491669826,-1.53700574398135,0
-24973.1417270519,-22.0060388999721,-1.79991581391452,0
-34616.1340462236,116.124496789904,-1.85267006620413,0
-42164.1450351383,-81.5087470772466,0.695688156449005,0
48495.8590845727,-10.2064670246723,-1.52939518740418,0
43386.8599313645,4.81006699700853,0.46283929703996,0
-33001.1414417596,-16.5187131688014,-1.68824734431962,0
10173.8547353281,-86.9396216439771,-1.17903837877491,0
2151.85472184523,-86.4913547699618,-1.84171438621996,0
-53566.1446211314,-73.0516998957465,-1.51218545020528,0
-56529.1445793764,-72.6070777936948,0.823389855500348,0
15077.8546858209,-88.1927395291763,1.1475622520511,0
-74991.116316308,434.74234681765,0.508321270823213,0
-16204.14197807,-27.4946425198332,-2.31598749210355,0
-36062.1450784747,-82.3865650509198,-2.14266267961972,0
-43633.1402964097,3.01660047967621,2.22782866982599,0
48977.8562477055,-60.9049579136985,-1.31257599304804,0
-24404.1417655606,-22.9883590700272,-1.71625478545162,0
-66750.1452273267,-83.8587220853593,11.9844698544474,0
-68827.1308347163,174.082972865979,-1.54538931986321,0
25609.8557393007,-69.7815010444006,4.17242343832176,0
15617.8549272451,-83.9743363787854,0.812854752010606,0
-38330.1452836769,-85.2131148146863,-1.53237691041646,0
-64092.1450551206,-81.1949250770274,0.627355957283509,0
53540.8690910714,168.6631204712,0.574434094356167,0
21587.8551909753,-79.5654258217218,-1.1703950402467,0
20237.8562498362,-60.480961999588,0.79571565816684,0
-47615.1425997714,-38.2915491487379,0.571874570129015,0
-26458.1429702906,-44.87252433951,2.01717344288455,0
53206.8551327918,-81.4620948285294,0.605326968829006,0
61387.8587788513,-15.792040708166,2.36026214440815,0
30175.8546433602,-89.0366216018642,-1.11315296567901,0
-42646.1408010082,-5.15063279948406,0.772544009015296,0
59429.8549399966,-84.6784996140467,-1.32109267294381,0
-31201.1452181042,-85.0099759047589,-1.79688407136221,0
25335.8551258099,-80.8085786774312,8.42317898176826,0
-43090.1390634377,26.0556224836704,-1.66728529246197,0
-66538.0951506659,813.374187987137,0.116852051899825,0
6886.85511105754,-79.8271060027341,0.710639928133771,0
68947.8550520055,-83.210686949801,0.888626335441944,0
53076.8556956998,-71.3619299486242,0.26419408583541,0
14042.8552877776,-77.6743285691589,2.19942202960822,0
-35505.1442065486,-66.3672896735721,-0.133386786278748,0
-74871.1452090744,-83.0123018566504,-1.57558882908814,0
-42722.1452349719,-84.9671761274496,1.35572245123383,0
-63701.1431560558,-46.4445022373739,-1.79447275210237,0
-19563.1452336156,-85.4801540171444,0.470932540379386,0
-56823.1452808903,-84.4209002262018,-1.47475098880539,0
-25527.1447692041,-76.9354896570355,-1.76307140500879,0
52799.8689485106,166.004499096653,5.24287114402321,0
-26409.1089643578,564.901001936374,-1.7612406826615,0
84213.8558081464,-69.9511243992747,-1.55833505500212,0
-62723.1452088143,-83.5605555279987,-1.52008728863626,0
38331.857972065,-29.830413439265,0.529727390595606,0
55729.8553553543,-77.5609135788438,0.159075002788292,0
-20533.1414593854,-17.7534608453999,-2.06402615782212,0
-43808.1062197195,614.1011039368,-1.50184073158379,0
-42425.1449255227,-79.0030320928733,-1.75556307252014,0
-59598.1437566292,-58.035138781519,0.557498082977379,0
12402.8549746286,-83.3042214876008,-0.00720573394143513,0
-58180.1445989629,-72.7947694835451,-0.0154264867504701,0
-34425.1419596826,-26.4281030852245,-2.04153804156222,0
-42984.1446505884,-74.0633049226986,0.515046645456802,0
60107.8880434563,508.300638115301,-1.27003221224027,0
-48207.1444264393,-70.3310531898417,1.09550975422264,0
-28147.1173083826,415.22697319753,-1.84470303472499,0
-32416.1428271078,-41.5394554145812,-1.857232455024,0
43702.8562614383,-60.8006859583174,-1.2515174244963,0
23184.8563169729,-59.651220637973,2.51123469427096,0
-72822.1370795981,61.1851737027856,1.05575923157824,0
-29162.1443803125,-70.1731446315245,0.317345918725252,0
-58601.1411365297,-11.0785375013077,-1.84306016668809,0
-27034.1448376006,-78.9042441690774,1.11871656411132,0
-44254.1451689596,-83.9916829089597,3.77587015633637,0
